{
    "10_i-1_0_r_sl_CloudySunset_high_": [
        "16971",
        "16963",
        "16967",
        "16975"
    ],
    "10_i-1_0_r_sl_HardRainNoon_low_": [
        "17674",
        "17666",
        "17670",
        "17678"
    ],
    "10_i-1_0_r_sl_HardRainNoon_mid_": [
        "17674",
        "17666",
        "17670",
        "17678"
    ],
    "10_i-1_0_r_sl_ClearSunset_low_": [
        "97824",
        "97832",
        "97828",
        "97820"
    ],
    "10_i-1_0_r_sl_MidRainSunset_low_": [
        "17657",
        "17649",
        "17653",
        "17661"
    ],
    "10_i-1_0_r_sl_ClearSunset_mid_": [
        "16252",
        "16244",
        "16248",
        "16256"
    ],
    "10_i-1_0_r_sl_CloudyNoon_low_": [
        "16971",
        "16963",
        "16967",
        "16975"
    ],
    "10_i-1_0_r_sr_HardRainSunset_mid_": [
        "21040",
        "21032",
        "21036",
        "21044"
    ],
    "10_i-1_0_r_sr_HardRainNoon_low_": [
        "20931",
        "20923",
        "20927",
        "20935"
    ],
    "10_i-1_0_r_sr_WetSunset_low_": [
        "21027",
        "21019",
        "21023",
        "21031"
    ],
    "10_i-1_0_r_sr_HardRainNoon_mid_": [
        "21011",
        "21003",
        "21007",
        "21015"
    ],
    "10_i-1_0_r_sr_MidRainSunset_low_": [
        "21033",
        "21025",
        "21029",
        "21037"
    ],
    "10_i-1_0_r_sr_HardRainNoon_high_": [
        "17641",
        "17633",
        "17637",
        "17645"
    ],
    "10_i-1_1_f_sr_CloudyNoon_mid_": [
        "98108",
        "98112"
    ],
    "10_i-1_1_f_sr_HardRainSunset_high_": [
        "19982",
        "19978"
    ],
    "10_i-1_1_f_sr_HardRainSunset_mid_": [
        "21054",
        "21050"
    ],
    "10_i-1_1_f_sr_WetSunset_low_": [
        "17647",
        "17643"
    ],
    "10_i-1_1_f_sr_HardRainNoon_mid_": [
        "19422",
        "19418"
    ],
    "10_i-1_1_f_sr_ClearSunset_mid_": [
        "20388",
        "20386"
    ],
    "10_i-1_1_l_sl_CloudySunset_low_": [
        "17721",
        "17717"
    ],
    "10_i-1_1_l_sl_HardRainSunset_mid_": [
        "20662",
        "20658"
    ],
    "10_i-1_1_l_sl_HardRainNoon_mid_": [
        "29448",
        "29445"
    ],
    "10_i-1_1_l_sl_MidRainyNoon_low_": [
        "20662",
        "20658"
    ],
    "10_i-1_1_l_sl_CloudySunset_mid_": [
        "17977",
        "17973"
    ],
    "10_i-1_1_l_sl_HardRainNoon_high_": [
        "19646",
        "19642"
    ],
    "10_i-1_1_l_sl_WetSunset_high_": [
        "20666",
        "20662"
    ],
    "10_i-1_3_l_sr_ClearSunset_high_": [
        "19941"
    ],
    "10_s-1_1_f_sl_HardRainSunset_high_": [
        "25246",
        "25250"
    ],
    "10_s-1_1_f_sl_CloudySunset_high_": [
        "25135",
        "25139"
    ],
    "10_s-1_1_f_sl_MidRainyNoon_high_": [
        "29532",
        "29536"
    ],
    "10_s-1_1_f_sl_HardRainSunset_mid_": [
        "22617",
        "22655"
    ],
    "10_s-1_1_f_sl_HardRainNoon_low_": [
        "25246",
        "25250"
    ],
    "10_s-1_1_f_sl_WetSunset_low_": [
        "29639",
        "29643"
    ],
    "10_s-1_1_f_sl_HardRainNoon_mid_": [
        "25246",
        "25250"
    ],
    "10_s-1_1_f_sl_HardRainSunset_low_": [
        "29227",
        "29231"
    ],
    "10_s-1_1_f_sl_ClearSunset_mid_": [
        "25467",
        "25471"
    ],
    "10_s-1_1_f_sr_MidRainSunset_mid_": [
        "24014",
        "24018"
    ],
    "10_s-1_1_f_sr_WetSunset_low_": [
        "30001",
        "30005"
    ],
    "10_s-1_1_f_sr_HardRainSunset_low_": [
        "30075",
        "30079"
    ],
    "10_s-1_1_f_sr_WetSunset_mid_": [
        "30013",
        "30017"
    ],
    "10_s-1_1_f_sr_MidRainyNoon_low_": [
        "30230",
        "30234"
    ],
    "10_s-1_1_f_sr_HardRainNoon_high_": [
        "29603",
        "29607"
    ],
    "10_s-2_1_f_sl_ClearSunset_low_": [
        "30031",
        "30035"
    ],
    "10_s-2_1_f_sl_MidRainSunset_low_": [
        "30027",
        "30031"
    ],
    "10_s-2_2_f_sr_MidRainyNoon_high_": [
        "25245",
        "25249"
    ],
    "10_s-2_2_f_sr_MidRainyNoon_mid_": [
        "47570",
        "47574"
    ],
    "10_s-2_2_f_sr_HardRainNoon_low_": [
        "25198",
        "25202"
    ],
    "10_s-2_2_f_sr_WetSunset_low_": [
        "30515",
        "30519"
    ],
    "10_s-2_2_f_sr_HardRainSunset_low_": [
        "25227",
        "25231"
    ],
    "10_s-2_2_f_sr_ClearSunset_high_": [
        "30103",
        "30107"
    ],
    "10_s-2_3_f_sl_HardRainSunset_high_": [
        "20472"
    ],
    "10_s-2_3_f_sl_MidRainyNoon_mid_": [
        "20522"
    ],
    "10_s-2_3_f_sl_MidRainSunset_mid_": [
        "20522"
    ],
    "10_s-2_3_f_sl_HardRainNoon_low_": [
        "20472"
    ],
    "10_s-2_3_f_sl_WetNoon_mid_": [
        "20431"
    ],
    "10_s-2_3_f_sl_ClearSunset_low_": [
        "20571"
    ],
    "10_s-2_3_f_sl_CloudyNoon_high_": [
        "20571"
    ],
    "10_s-2_3_f_sl_HardRainSunset_low_": [
        "20522"
    ],
    "10_s-2_3_f_sl_ClearSunset_mid_": [
        "20571"
    ],
    "10_s-2_3_f_sl_HardRainNoon_high_": [
        "20567"
    ],
    "10_s-2_3_f_sl_ClearSunset_high_": [
        "22949"
    ],
    "10_s-3_1_f_sr_HardRainSunset_high_": [
        "31291",
        "31295"
    ],
    "10_s-3_1_f_sr_CloudySunset_high_": [
        "31295",
        "31299"
    ],
    "10_s-3_1_f_sr_CloudySunset_low_": [
        "25140",
        "25144"
    ],
    "10_s-3_1_f_sr_MidRainSunset_mid_": [
        "23595",
        "23599"
    ],
    "10_s-3_1_f_sr_HardRainNoon_low_": [
        "25136",
        "25140"
    ],
    "10_s-3_1_f_sr_HardRainNoon_mid_": [
        "29609",
        "29613"
    ],
    "10_s-3_1_f_sr_CloudyNoon_high_": [
        "25140",
        "25144"
    ],
    "10_s-3_1_f_sr_HardRainSunset_low_": [
        "37423",
        "37427"
    ],
    "10_s-3_1_f_sr_CloudySunset_mid_": [
        "29342",
        "29346"
    ],
    "10_s-3_1_f_sr_HardRainNoon_high_": [
        "31142",
        "31146"
    ],
    "10_s-4_2_f_sl_HardRainSunset_high_": [
        "21997",
        "22001"
    ],
    "10_s-4_2_f_sl_MidRainyNoon_mid_": [
        "16269",
        "16273"
    ],
    "10_s-4_2_f_sl_CloudySunset_low_": [
        "31318",
        "31322"
    ],
    "10_s-4_2_f_sl_MidRainSunset_mid_": [
        "15915",
        "15919"
    ],
    "10_s-4_2_f_sl_HardRainNoon_low_": [
        "31331",
        "31335"
    ],
    "10_s-4_2_f_sl_WetNoon_mid_": [
        "16280",
        "16284"
    ],
    "10_s-4_2_f_sl_HardRainSunset_low_": [
        "97876",
        "97872"
    ],
    "10_s-4_2_f_sl_WetSunset_mid_": [
        "16280",
        "16284"
    ],
    "10_s-4_2_f_sl_HardRainNoon_high_": [
        "31314",
        "31318"
    ],
    "10_s-4_2_f_sl_ClearSunset_high_": [
        "31335",
        "31339"
    ],
    "10_s-4_3_f_sr_HardRainSunset_high_": [
        "31982"
    ],
    "10_s-4_3_f_sr_CloudySunset_high_": [
        "37687"
    ],
    "10_s-4_3_f_sr_MidRainyNoon_mid_": [
        "22226"
    ],
    "10_s-4_3_f_sr_MidRainSunset_mid_": [
        "22310"
    ],
    "10_s-4_3_f_sr_HardRainNoon_low_": [
        "41061"
    ],
    "10_s-4_3_f_sr_WetSunset_low_": [
        "28500"
    ],
    "10_s-4_3_f_sr_CloudyNoon_high_": [
        "102385"
    ],
    "10_s-4_3_f_sr_MidRainSunset_low_": [
        "22178"
    ],
    "10_s-4_3_f_sr_WetSunset_mid_": [
        "36308"
    ],
    "10_s-4_3_f_sr_HardRainNoon_high_": [
        "21626"
    ],
    "10_s-6_1_f_sl_MidRainSunset_low_": [
        "39565",
        "39569"
    ],
    "10_s-6_1_f_sl_WetSunset_mid_": [
        "39378",
        "39382"
    ],
    "10_s-6_2_f_sl_CloudySunset_low_": [
        "39366",
        "39370"
    ],
    "10_s-6_2_f_sl_MidRainyNoon_low_": [
        "31494",
        "31497"
    ],
    "10_s-6_2_f_sr_HardRainSunset_high_": [
        "23260",
        "23264"
    ],
    "10_s-6_2_f_sr_MidRainSunset_low_": [
        "30854",
        "52687"
    ],
    "10_s-7_2_f_sr_CloudySunset_high_": [
        "25653",
        "25657"
    ],
    "10_s-7_2_f_sr_CloudySunset_low_": [
        "24732",
        "37715"
    ],
    "10_s-7_2_f_sr_MidRainSunset_high_": [
        "31234",
        "31238"
    ],
    "10_s-7_2_f_sr_MidRainSunset_mid_": [
        "32323",
        "32327"
    ],
    "10_s-7_2_f_sr_HardRainNoon_mid_": [
        "39437",
        "39441"
    ],
    "10_s-7_2_f_sr_CloudyNoon_high_": [
        "32187",
        "32191"
    ],
    "10_s-7_2_f_sr_MidRainSunset_low_": [
        "32310",
        "32314"
    ],
    "10_s-7_2_f_sr_MidRainyNoon_low_": [
        "32310",
        "32314"
    ],
    "10_s-7_2_f_sr_ClearSunset_mid_": [
        "36911",
        "36915"
    ],
    "10_s-7_2_f_sr_HardRainNoon_high_": [
        "29650",
        "29654"
    ],
    "10_s-8_1_f_sr_HardRainSunset_high_": [
        "54781",
        "37935"
    ],
    "10_s-8_1_f_sr_CloudyNoon_high_": [
        "32298",
        "32302"
    ],
    "10_s-8_1_f_sr_ClearSunset_mid_": [
        "32298",
        "32302"
    ],
    "10_t1-1_0_r_sr_HardRainSunset_high_": [
        "29601",
        "29597",
        "29593",
        "29589",
        "29585",
        "29581"
    ],
    "10_t1-1_0_r_sr_CloudySunset_high_": [
        "39286",
        "39282",
        "39278",
        "39274",
        "39270",
        "39266"
    ],
    "10_t1-1_0_r_sr_MidRainyNoon_high_": [
        "32201",
        "32197",
        "32193",
        "32189",
        "35665",
        "32183"
    ],
    "10_t1-1_0_r_sr_MidRainyNoon_mid_": [
        "28601",
        "31092",
        "31089",
        "31085",
        "28598",
        "31079"
    ],
    "10_t1-1_0_r_sr_CloudySunset_low_": [
        "42856",
        "38069",
        "42853",
        "38064",
        "38061",
        "38059"
    ],
    "10_t1-1_0_r_sr_HardRainSunset_mid_": [
        "32228",
        "32224",
        "32220",
        "32216",
        "32212",
        "32208"
    ],
    "10_t1-1_0_r_sr_WetNoon_mid_": [
        "31638",
        "31634",
        "31630",
        "31626",
        "31622",
        "31618"
    ],
    "10_t1-1_0_r_sr_MidRainSunset_low_": [
        "32147",
        "32143",
        "32139",
        "32135",
        "32131",
        "32127"
    ],
    "10_t1-1_0_r_sr_WetSunset_mid_": [
        "31741",
        "31737",
        "31733",
        "31729",
        "31725",
        "31721"
    ],
    "10_t1-1_0_r_sr_MidRainyNoon_low_": [
        "39309",
        "39305",
        "39301",
        "39297",
        "39293",
        "39289"
    ],
    "10_t1-1_0_r_sr_1_HardRainSunset_high_": [
        "31705",
        "31709",
        "31701",
        "31697"
    ],
    "10_t1-1_0_r_sr_1_MidRainyNoon_mid_": [
        "22614",
        "22618",
        "22610",
        "22606"
    ],
    "10_t1-1_0_r_sr_1_HardRainSunset_mid_": [
        "31688",
        "31692",
        "31684",
        "31680"
    ],
    "10_t1-1_0_r_sr_1_ClearSunset_low_": [
        "31709",
        "31713",
        "31705",
        "31701"
    ],
    "10_t1-1_0_r_sr_1_CloudyNoon_high_": [
        "31709",
        "31713",
        "31705",
        "31701"
    ],
    "10_t1-1_0_r_sr_1_MidRainSunset_low_": [
        "31688",
        "31692",
        "31684",
        "31680"
    ],
    "10_t1-1_0_r_sr_1_WetSunset_mid_": [
        "31709",
        "31713",
        "31705",
        "31701"
    ],
    "10_t1-1_0_r_sr_1_MidRainyNoon_low_": [
        "31688",
        "31692",
        "31684",
        "31680"
    ],
    "10_t1-1_0_r_sr_1_WetSunset_high_": [
        "23163",
        "23167",
        "23159",
        "23155"
    ],
    "10_t1-2_0_r_sr_HardRainSunset_high_": [
        "30255",
        "30259",
        "30251",
        "30247"
    ],
    "10_t1-2_0_r_sr_HardRainSunset_mid_": [
        "32487",
        "32491",
        "32477",
        "32473"
    ],
    "10_t1-2_0_r_sr_HardRainNoon_mid_": [
        "42405",
        "42408",
        "42404",
        "42402"
    ],
    "10_t1-2_0_r_sr_WetNoon_mid_": [
        "20105",
        "20108",
        "20101",
        "20097"
    ],
    "10_t1-2_0_r_sr_ClearSunset_low_": [
        "32508",
        "32512",
        "32504",
        "32500"
    ],
    "10_t1-2_0_r_sr_MidRainSunset_low_": [
        "25418",
        "25422",
        "25414",
        "25410"
    ],
    "10_t1-2_0_r_sr_MidRainyNoon_low_": [
        "25465",
        "25469",
        "25461",
        "25457"
    ],
    "10_t1-2_0_r_sr_ClearSunset_mid_": [
        "32508",
        "32512",
        "32504",
        "32500"
    ],
    "10_t1-2_0_r_sr_WetNoon_high_": [
        "98016",
        "98012",
        "98020",
        "98024"
    ],
    "10_t1-2_0_r_sr_HardRainNoon_high_": [
        "24968",
        "24972",
        "24964",
        "24960"
    ],
    "10_t1-2_0_r_sr_ClearSunset_high_": [
        "31596",
        "31600",
        "31592",
        "31588"
    ],
    "10_t1-3_0_r_sr_CloudySunset_high_": [
        "20304",
        "20308",
        "20300",
        "20296"
    ],
    "10_t1-3_0_r_sr_CloudySunset_low_": [
        "20304",
        "20308",
        "20300",
        "20296"
    ],
    "10_t1-3_0_r_sr_HardRainSunset_mid_": [
        "20540",
        "20544",
        "20536",
        "20532"
    ],
    "10_t1-3_0_r_sr_HardRainNoon_low_": [
        "20493",
        "20497",
        "20489",
        "20485"
    ],
    "10_t1-3_0_r_sr_MidRainSunset_low_": [
        "28047",
        "28049",
        "19834",
        "19832"
    ],
    "10_t1-3_0_r_sr_CloudySunset_mid_": [
        "20287",
        "20291",
        "20283",
        "20279"
    ],
    "10_t1-3_0_r_sr_HardRainNoon_high_": [
        "20266",
        "20270",
        "20262",
        "22698"
    ],
    "10_t1-4_3_r_sl_MidRainyNoon_mid_": [
        "18666"
    ],
    "10_t1-4_3_r_sl_MidRainSunset_mid_": [
        "18666"
    ],
    "10_t1-4_3_r_sl_HardRainNoon_low_": [
        "18666"
    ],
    "10_t1-4_3_r_sl_WetSunset_low_": [
        "18670"
    ],
    "10_t1-4_3_r_sl_WetNoon_mid_": [
        "18670"
    ],
    "10_t1-4_3_r_sl_CloudyNoon_high_": [
        "15561"
    ],
    "10_t1-4_3_r_sl_MidRainSunset_low_": [
        "18666"
    ],
    "10_t1-4_3_r_sl_CloudySunset_mid_": [
        "18479"
    ],
    "10_t1-4_3_r_sl_HardRainNoon_high_": [
        "18475"
    ],
    "10_t1-4_3_r_sl_WetSunset_high_": [
        "18670"
    ],
    "10_t1-7_2_l_sr_MidRainSunset_high_": [
        "29048",
        "29052"
    ],
    "10_t1-7_2_l_sr_MidRainSunset_mid_": [
        "23506",
        "23511"
    ],
    "10_t1-7_2_l_sr_WetSunset_low_": [
        "40577",
        "40579"
    ],
    "10_t1-7_2_l_sr_HardRainNoon_mid_": [
        "35487",
        "35489"
    ],
    "10_t1-7_2_l_sr_CloudyNoon_high_": [
        "23556",
        "23560"
    ],
    "10_t1-7_2_l_sr_HardRainSunset_low_": [
        "23554",
        "23558"
    ],
    "10_t1-7_2_l_sr_MidRainyNoon_low_": [
        "32508",
        "32510"
    ],
    "10_t1-7_2_l_sr_CloudySunset_mid_": [
        "23483",
        "23487"
    ],
    "10_t1-7_2_l_sr_HardRainNoon_high_": [
        "35508",
        "35512"
    ],
    "10_t1-7_2_l_sr_WetSunset_high_": [
        "29226",
        "29230"
    ],
    "10_t2-1_2_f_sl_MidRainSunset_high_": [
        "23469",
        "23465"
    ],
    "10_t2-1_2_f_sl_MidRainSunset_mid_": [
        "35599",
        "35595"
    ],
    "10_t2-1_2_f_sl_HardRainNoon_mid_": [
        "30186",
        "27816"
    ],
    "10_t2-1_2_f_sl_ClearSunset_low_": [
        "40531",
        "40527"
    ],
    "10_t2-1_2_f_sl_MidRainSunset_low_": [
        "23598",
        "23594"
    ],
    "10_t2-1_2_f_sl_WetSunset_mid_": [
        "29197",
        "29195"
    ],
    "10_t2-1_2_f_sl_MidRainyNoon_low_": [
        "23340",
        "23336"
    ],
    "10_t2-1_2_f_sl_HardRainNoon_high_": [
        "34615",
        "34611"
    ],
    "10_t2-1_2_f_sl_ClearSunset_high_": [
        "29327",
        "29323"
    ],
    "10_t2-3_3_f_sl_MidRainSunset_high_": [
        "28820"
    ],
    "10_t2-3_3_f_sl_HardRainNoon_low_": [
        "34277"
    ],
    "10_t2-3_3_f_sl_HardRainNoon_mid_": [
        "28817"
    ],
    "10_t2-3_3_f_sl_ClearSunset_low_": [
        "28799"
    ],
    "10_t2-3_3_f_sl_MidRainSunset_low_": [
        "29623"
    ],
    "10_t2-3_3_f_sl_WetSunset_high_": [
        "26944"
    ],
    "10_t2-3_3_r_sl_MidRainyNoon_mid_": [
        "23701"
    ],
    "10_t2-3_3_r_sl_MidRainSunset_high_": [
        "33199"
    ],
    "10_t2-3_3_r_sl_HardRainNoon_low_": [
        "23438"
    ],
    "10_t2-3_3_r_sl_WetSunset_low_": [
        "49051"
    ],
    "10_t2-3_3_r_sl_WetNoon_mid_": [
        "35927"
    ],
    "10_t2-3_3_r_sl_MidRainSunset_low_": [
        "23701"
    ],
    "10_t2-3_3_r_sl_WetSunset_mid_": [
        "29751"
    ],
    "10_t2-3_3_r_sr_HardRainSunset_high_": [
        "23637"
    ],
    "10_t2-3_3_r_sr_MidRainyNoon_high_": [
        "23741"
    ],
    "10_t2-3_3_r_sr_MidRainyNoon_mid_": [
        "35872"
    ],
    "10_t2-3_3_r_sr_HardRainSunset_mid_": [
        "23727"
    ],
    "10_t2-3_3_r_sr_WetSunset_low_": [
        "29861"
    ],
    "10_t2-3_3_r_sr_HardRainSunset_low_": [
        "29592"
    ],
    "10_t2-3_3_r_sr_WetSunset_mid_": [
        "23782"
    ],
    "10_t2-3_3_r_sr_MidRainyNoon_low_": [
        "23528"
    ],
    "10_t2-3_3_r_sr_WetSunset_high_": [
        "23855"
    ],
    "10_t2-4_0_r_sl_CloudyNoon_mid_": [
        "28824",
        "28820",
        "28812",
        "28816"
    ],
    "10_t2-4_0_r_sl_MidRainSunset_mid_": [
        "97936",
        "97940",
        "97948",
        "97944"
    ],
    "10_t2-4_0_r_sl_HardRainNoon_low_": [
        "29590",
        "29586",
        "29578",
        "29582"
    ],
    "10_t2-4_0_r_sl_ClearSunset_low_": [
        "41296",
        "24400",
        "24392",
        "24396"
    ],
    "10_t2-4_0_r_sl_WetSunset_high_": [
        "17941",
        "17937",
        "17929",
        "17933"
    ],
    "10_t2-4_0_r_sr_CloudyNoon_mid_": [
        "18672",
        "18676",
        "18668",
        "18664"
    ],
    "10_t2-4_0_r_sr_HardRainSunset_high_": [
        "18678",
        "18682",
        "18674",
        "18670"
    ],
    "10_t2-4_0_r_sr_MidRainyNoon_mid_": [
        "18678",
        "18682",
        "18674",
        "18670"
    ],
    "10_t2-4_0_r_sr_CloudySunset_low_": [
        "18682",
        "18686",
        "18678",
        "18674"
    ],
    "10_t2-4_0_r_sr_HardRainSunset_mid_": [
        "18678",
        "18682",
        "18674",
        "18670"
    ],
    "10_t2-4_0_r_sr_HardRainNoon_low_": [
        "18661",
        "18665",
        "18657",
        "18653"
    ],
    "10_t2-4_0_r_sr_CloudyNoon_high_": [
        "18492",
        "18496",
        "18488",
        "18484"
    ],
    "10_t2-4_0_r_sr_MidRainSunset_low_": [
        "18678",
        "18682",
        "18674",
        "18670"
    ],
    "10_t2-4_0_r_sr_ClearSunset_mid_": [
        "18472",
        "18476",
        "18468",
        "18464"
    ],
    "10_t2-5_3_r_sl_MidRainSunset_high_": [
        "25531"
    ],
    "10_t2-5_3_r_sl_HardRainNoon_mid_": [
        "28174"
    ],
    "10_t2-5_3_r_sl_HardRainSunset_low_": [
        "28140"
    ],
    "10_t2-5_3_r_sl_MidRainyNoon_low_": [
        "22112"
    ],
    "10_t2-5_3_r_sl_HardRainNoon_high_": [
        "19703"
    ],
    "10_t2-6_0_r_sr_MidRainyNoon_high_": [
        "28526",
        "28534",
        "28538",
        "28530"
    ],
    "10_t2-6_0_r_sr_MidRainyNoon_mid_": [
        "28549",
        "28557",
        "28561",
        "28553"
    ],
    "10_t2-6_0_r_sr_MidRainSunset_mid_": [
        "34484",
        "34492",
        "34496",
        "34488"
    ],
    "10_t2-6_0_r_sr_ClearSunset_low_": [
        "34508",
        "34516",
        "34520",
        "34512"
    ],
    "10_t2-6_0_r_sr_MidRainSunset_low_": [
        "34484",
        "34492",
        "34496",
        "34488"
    ],
    "10_t2-6_0_r_sr_WetSunset_mid_": [
        "22584",
        "22592",
        "22596",
        "22588"
    ],
    "10_t2-6_0_r_sr_MidRainyNoon_low_": [
        "22570",
        "22578",
        "22582",
        "22574"
    ],
    "10_t2-6_0_r_sr_WetNoon_high_": [
        "22597",
        "22605",
        "22609",
        "22601"
    ],
    "10_t2-6_3_r_sl_HardRainSunset_high_": [
        "21370"
    ],
    "10_t2-6_3_r_sl_MidRainyNoon_high_": [
        "23556"
    ],
    "10_t2-6_3_r_sl_CloudySunset_low_": [
        "21379"
    ],
    "10_t2-6_3_r_sl_MidRainSunset_low_": [
        "21375"
    ],
    "10_t2-6_3_r_sl_MidRainyNoon_low_": [
        "21375"
    ],
    "10_t2-6_3_r_sl_WetNoon_high_": [
        "21379"
    ],
    "10_t2-7_0_f_sr_CloudyNoon_mid_": [
        "50033",
        "50035",
        "45683",
        "45679"
    ],
    "10_t2-7_0_f_sr_CloudySunset_high_": [
        "34546",
        "34550",
        "34542",
        "34538"
    ],
    "10_t2-7_0_f_sr_MidRainSunset_high_": [
        "22550",
        "22554",
        "22546",
        "22542"
    ],
    "10_t2-7_0_f_sr_MidRainSunset_mid_": [
        "29053",
        "29056",
        "27785",
        "29047"
    ],
    "10_t2-7_0_f_sr_HardRainNoon_mid_": [
        "40440",
        "40444",
        "40436",
        "40432"
    ],
    "10_t2-7_0_f_sr_MidRainSunset_low_": [
        "39987",
        "22292",
        "39984",
        "39982"
    ],
    "10_t2-7_0_f_sr_WetSunset_mid_": [
        "34507",
        "34510",
        "34503",
        "34499"
    ],
    "10_t2-7_0_f_sr_MidRainyNoon_low_": [
        "34491",
        "34495",
        "34487",
        "34483"
    ],
    "10_t2-7_0_f_sr_WetNoon_high_": [
        "34516",
        "34520",
        "34512",
        "34508"
    ],
    "10_t2-7_0_f_sr_HardRainNoon_high_": [
        "34542",
        "34546",
        "34538",
        "34534"
    ],
    "10_t3-1_0_l_sl_CloudyNoon_mid_": [
        "34506",
        "34514",
        "34518",
        "34510"
    ],
    "10_t3-1_0_l_sl_MidRainyNoon_mid_": [
        "22357",
        "22365",
        "22369",
        "22361"
    ],
    "10_t3-1_0_l_sl_HardRainSunset_mid_": [
        "34455",
        "34463",
        "34467",
        "34459"
    ],
    "10_t3-1_0_l_sl_HardRainNoon_low_": [
        "43836",
        "43844",
        "43848",
        "43840"
    ],
    "10_t3-1_0_l_sl_WetSunset_low_": [
        "22426",
        "22434",
        "22438",
        "22430"
    ],
    "10_t3-1_0_l_sl_MidRainSunset_low_": [
        "34485",
        "34493",
        "34497",
        "34489"
    ],
    "10_t3-1_0_l_sl_WetNoon_high_": [
        "40373",
        "40381",
        "40385",
        "40377"
    ],
    "10_t3-1_0_l_sl_HardRainNoon_high_": [
        "28553",
        "28561",
        "28565",
        "28557"
    ],
    "10_t3-1_0_l_sl_WetSunset_high_": [
        "28446",
        "28454",
        "28458",
        "28450"
    ],
    "10_t3-1_1_f_sl_HardRainSunset_high_": [
        "29454",
        "29452"
    ],
    "10_t3-1_1_f_sl_CloudySunset_low_": [
        "22314",
        "22310"
    ],
    "10_t3-1_1_f_sl_MidRainSunset_low_": [
        "40178",
        "40174"
    ],
    "10_t3-1_1_f_sl_MidRainyNoon_low_": [
        "34267",
        "34263"
    ],
    "10_t3-1_1_l_sl_CloudySunset_low_": [
        "28530",
        "28534"
    ],
    "10_t3-1_1_l_sl_MidRainSunset_mid_": [
        "16048",
        "16052"
    ],
    "10_t3-1_1_l_sl_HardRainNoon_low_": [
        "28547",
        "28552"
    ],
    "10_t3-1_1_l_sl_HardRainNoon_mid_": [
        "28547",
        "28552"
    ],
    "10_t3-1_1_l_sl_WetNoon_mid_": [
        "16645",
        "16649"
    ],
    "10_t3-1_1_l_sl_MidRainSunset_low_": [
        "97884",
        "97880"
    ],
    "10_t3-1_1_l_sl_CloudySunset_mid_": [
        "28552",
        "28556"
    ],
    "10_t3-2_1_f_sr_MidRainyNoon_mid_": [
        "20426",
        "20422"
    ],
    "10_t3-2_1_f_sr_CloudySunset_low_": [
        "20438",
        "20434"
    ],
    "10_t3-2_1_f_sr_MidRainSunset_high_": [
        "20443",
        "20439"
    ],
    "10_t3-2_1_f_sr_MidRainSunset_mid_": [
        "20426",
        "20422"
    ],
    "10_t3-2_1_f_sr_CloudyNoon_high_": [
        "19610",
        "19606"
    ],
    "10_t3-2_1_f_sr_MidRainSunset_low_": [
        "20426",
        "20422"
    ],
    "10_t3-2_1_f_sr_MidRainyNoon_low_": [
        "41418",
        "41416"
    ],
    "10_t3-2_1_f_sr_CloudySunset_mid_": [
        "20447",
        "20443"
    ],
    "10_t3-2_1_f_sr_HardRainNoon_high_": [
        "20417",
        "20413"
    ],
    "10_t3-2_1_f_sr_ClearSunset_high_": [
        "16137",
        "16133"
    ],
    "10_t3-7_0_l_sr_CloudyNoon_mid_": [
        "20872",
        "20868",
        "20876",
        "20880"
    ],
    "10_t3-7_0_l_sr_HardRainSunset_high_": [
        "20899",
        "20895",
        "20903",
        "20907"
    ],
    "10_t3-7_0_l_sr_WetSunset_low_": [
        "18265",
        "18261",
        "18269",
        "18273"
    ],
    "10_t3-7_0_l_sr_HardRainNoon_mid_": [
        "20921",
        "20917",
        "20925",
        "20929"
    ],
    "10_t3-7_0_l_sr_CloudyNoon_high_": [
        "20925",
        "20921",
        "20929",
        "20933"
    ],
    "10_t3-7_0_l_sr_MidRainSunset_low_": [
        "25176",
        "25174",
        "25179",
        "25181"
    ],
    "10_t3-7_0_l_sr_WetSunset_mid_": [
        "18288",
        "18284",
        "18292",
        "18296"
    ],
    "10_t3-7_0_l_sr_MidRainyNoon_low_": [
        "35461",
        "35456",
        "35465",
        "35469"
    ],
    "A6_r-1_3_er_sl_1_HardRainSunset_high_": [
        "20942"
    ],
    "A6_r-1_3_er_sl_1_CloudySunset_high_": [
        "22045"
    ],
    "A6_r-1_3_er_sl_1_MidRainyNoon_mid_": [
        "31435"
    ],
    "A6_r-1_3_er_sl_1_HardRainSunset_mid_": [
        "31336"
    ],
    "A6_r-1_3_er_sl_3_CloudySunset_low_": [
        "31242"
    ],
    "A6_r-1_3_er_sl_3_MidRainSunset_high_": [
        "31232"
    ],
    "A6_r-1_3_er_sl_3_HardRainSunset_low_": [
        "31219"
    ],
    "A6_r-1_3_er_sl_3_MidRainyNoon_low_": [
        "22621"
    ],
    "A6_r-1_3_gi_sl_2_ClearSunset_low_": [
        "30027"
    ],
    "A6_r-1_3_gr_sl_MidRainSunset_mid_": [
        "32937"
    ],
    "A6_r-1_3_gr_sl_WetSunset_low_": [
        "31371"
    ],
    "A6_r-1_3_gr_sl_WetNoon_mid_": [
        "32816"
    ],
    "A6_r-1_3_gr_sl_MidRainSunset_low_": [
        "38102"
    ],
    "A6_r-1_3_gr_sl_MidRainyNoon_low_": [
        "31459"
    ],
    "A6_r-1_3_gr_sl_ClearSunset_mid_": [
        "38400"
    ],
    "A6_r-1_3_gr_sl_HardRainNoon_high_": [
        "31273"
    ],
    "A6_r-1_3_gr_sl_WetSunset_high_": [
        "31324"
    ],
    "A6_r-1_3_gr_sl_2_CloudySunset_low_": [
        "21852"
    ],
    "A6_r-1_3_gr_sl_2_MidRainSunset_mid_": [
        "21951"
    ],
    "A6_r-1_3_gr_sl_2_HardRainSunset_low_": [
        "21951"
    ],
    "A6_r-1_3_gr_sl_2_MidRainyNoon_low_": [
        "22369"
    ],
    "A6_r-1_3_gr_sl_2_ClearSunset_mid_": [
        "33096"
    ],
    "A6_r-1_3_gr_sr_WetSunset_low_": [
        "31330"
    ],
    "A6_r-1_3_gr_sr_WetNoon_mid_": [
        "31346"
    ],
    "A6_r-1_3_gr_sr_WetSunset_mid_": [
        "31427"
    ],
    "A6_r-1_3_gr_sr_MidRainyNoon_low_": [
        "31387"
    ]
}